Site,geo_index,Year,0
OSBS,400000_3285000,2018,24404
OSBS,407000_3279000,2019,27467
WREF,583000_5078000,2019,33163
WREF,576000_5073000,2019,30091
WREF,575000_5070000,2018,22920
BONA,469000_7232000,2019,74697
SOAP,298000_4101000,2018,15890
BONA,478000_7226000,2018,153
BONA,471000_7234000,2019,2097
TEAK,324000_4107000,2018,139
BART,313000_4880000,2018,47447
BART,314000_4878000,2018,47368
WREF,584000_5077000,2018,21842
BONA,476000_7226000,2018,30584
TEAK,315000_4097000,2018,16286
DELA,428000_3597000,2019,7551
TEAK,314000_4095000,2019,20620
BONA,474000_7224000,2018,25560
SOAP,303000_4100000,2019,21365
BART,319000_4876000,2019,36932
SOAP,298000_4101000,2019,21874
TEAK,320000_4107000,2019,4868
TEAK,313000_4092000,2018,17436
BONA,475000_7222000,2018,40579
OSBS,399000_3284000,2019,25030
SOAP,295000_4103000,2018,14223
TEAK,321000_4097000,2018,24385
BONA,473000_7234000,2019,36975
SOAP,293000_4100000,2019,14321
BONA,474000_7223000,2018,53409
OSBS,400000_3277000,2018,19828
TEAK,313000_4102000,2018,15499
SOAP,298000_4108000,2019,21748
TEAK,316000_4102000,2019,8707
DELA,423000_3597000,2019,11527
BONA,481000_7223000,2019,2073
BONA,481000_7232000,2018,75288
WREF,581000_5079000,2018,30889
DELA,426000_3599000,2019,34464
BART,317000_4879000,2019,39077
SOAP,295000_4101000,2019,22373
OSBS,399000_3288000,2018,39922
BART,318000_4881000,2019,38522
WREF,574000_5079000,2019,38621
BONA,477000_7223000,2019,32789
WREF,573000_5070000,2018,20349
BONA,472000_7228000,2019,69684
OSBS,410000_3278000,2019,28217
SOAP,295000_4097000,2018,7691
WREF,583000_5073000,2019,24497
OSBS,405000_3280000,2018,27665
BART,317000_4882000,2018,28931
BART,321000_4879000,2018,45414
OSBS,404000_3284000,2019,23773
OSBS,402000_3284000,2019,24469
BART,319000_4878000,2019,60868
WREF,578000_5080000,2019,29162
WREF,574000_5081000,2018,19329
BONA,474000_7231000,2018,61785
DELA,426000_3604000,2019,26602
OSBS,402000_3287000,2018,13325
DELA,425000_3605000,2019,18553
DELA,420000_3604000,2019,39301
OSBS,403000_3288000,2019,23058
BONA,474000_7225000,2019,33349
WREF,581000_5079000,2019,40941
DELA,422000_3605000,2019,38832
BONA,478000_7227000,2019,10485
DELA,425000_3600000,2019,31716
DELA,422000_3599000,2019,21854
BONA,475000_7228000,2019,41446
SOAP,296000_4097000,2019,20098
SOAP,302000_4097000,2018,18389
OSBS,408000_3288000,2018,24954
BART,315000_4874000,2018,29449
TEAK,315000_4105000,2018,17719
BART,318000_4879000,2019,42369
BONA,476000_7229000,2019,40235
TEAK,323000_4096000,2019,13986
SOAP,301000_4105000,2019,26090
WREF,584000_5075000,2018,23639
TEAK,324000_4101000,2018,9048
TEAK,322000_4092000,2019,17920
SOAP,298000_4106000,2019,27705
WREF,577000_5081000,2018,17631
TEAK,321000_4101000,2018,14044
WREF,582000_5076000,2018,14166
WREF,578000_5071000,2019,35358
SOAP,295000_4096000,2019,31521
WREF,581000_5080000,2018,32261
BART,316000_4881000,2018,37295
BONA,478000_7234000,2018,41540
BONA,474000_7230000,2019,41604
BONA,477000_7224000,2019,17399
OSBS,406000_3281000,2019,30590
TEAK,317000_4094000,2018,12933
BONA,482000_7224000,2018,2429
SOAP,301000_4099000,2018,17601
OSBS,398000_3284000,2019,34417
OSBS,396000_3285000,2019,33477
SOAP,299000_4105000,2019,23510
OSBS,405000_3280000,2019,36738
WREF,574000_5074000,2018,26682
TEAK,316000_4095000,2019,22176
BONA,479000_7234000,2018,18732
SOAP,299000_4106000,2019,23613
OSBS,403000_3289000,2019,23072
OSBS,400000_3286000,2019,25595
TEAK,320000_4099000,2018,16498
BONA,473000_7229000,2018,66148
OSBS,406000_3286000,2018,24694
WREF,578000_5081000,2018,21480
BART,317000_4877000,2018,40211
BONA,480000_7229000,2018,7923
WREF,572000_5070000,2018,20695
BONA,476000_7232000,2018,73034
SOAP,300000_4096000,2019,39510
TEAK,313000_4104000,2018,18626
TEAK,313000_4096000,2018,17574
OSBS,403000_3277000,2018,17099
BART,317000_4876000,2018,36484
SOAP,300000_4103000,2018,14386
BONA,469000_7228000,2019,68690
TEAK,313000_4093000,2019,20039
TEAK,322000_4105000,2018,13042
TEAK,316000_4104000,2018,18596
WREF,582000_5074000,2018,20177
SOAP,299000_4102000,2019,20184
SOAP,297000_4102000,2019,14291
DELA,427000_3597000,2019,15839
SOAP,294000_4097000,2018,28305
OSBS,396000_3284000,2018,22216
TEAK,322000_4099000,2018,17171
TEAK,322000_4094000,2019,6870
TEAK,319000_4098000,2018,18896
BONA,473000_7226000,2019,43113
SOAP,297000_4105000,2019,32351
WREF,576000_5077000,2019,31448
WREF,580000_5080000,2019,33602
SOAP,300000_4102000,2019,18764
TEAK,314000_4091000,2018,16403
WREF,583000_5071000,2018,17064
BONA,469000_7227000,2018,54301
DELA,420000_3602000,2019,28087
WREF,579000_5078000,2018,26571
BART,318000_4879000,2018,35846
BONA,481000_7231000,2018,32033
BONA,483000_7234000,2019,7054
OSBS,405000_3282000,2019,24397
SOAP,298000_4096000,2018,9688
TEAK,314000_4099000,2019,26029
WREF,582000_5071000,2018,20600
BONA,475000_7230000,2019,16612
BART,316000_4878000,2019,44767
BONA,473000_7227000,2018,28434
WREF,592000_5076000,2018,24321
BONA,473000_7233000,2019,34089
BART,320000_4876000,2018,32794
BONA,479000_7227000,2019,5194
BONA,481000_7229000,2018,18972
BONA,473000_7224000,2018,26794
SOAP,305000_4108000,2019,6569
BONA,476000_7233000,2018,52535
OSBS,399000_3286000,2019,28567
OSBS,397000_3286000,2019,43862
TEAK,322000_4097000,2018,19738
WREF,578000_5071000,2018,28477
OSBS,402000_3284000,2018,23696
OSBS,407000_3286000,2018,29548
SOAP,303000_4105000,2019,15651
BONA,479000_7228000,2018,12705
SOAP,295000_4104000,2018,13696
TEAK,314000_4096000,2019,22326
WREF,576000_5081000,2019,23054
BONA,474000_7232000,2018,33338
BONA,471000_7225000,2018,19155
BART,318000_4878000,2018,42797
SOAP,294000_4106000,2019,18563
BART,319000_4882000,2019,35117
WREF,577000_5082000,2018,21315
OSBS,397000_3287000,2018,13820
TEAK,316000_4101000,2019,6569
OSBS,398000_3285000,2018,12200
BONA,483000_7224000,2019,10829
BONA,481000_7233000,2019,43554
BART,321000_4873000,2019,35763
WREF,580000_5082000,2018,28459
OSBS,406000_3284000,2018,19923
WREF,583000_5072000,2018,10317
WREF,582000_5081000,2018,20094
DELA,424000_3598000,2019,17545
WREF,579000_5079000,2018,20039
WREF,575000_5077000,2018,30820
BART,313000_4878000,2018,38028
TEAK,317000_4100000,2019,22651
TEAK,323000_4094000,2019,6805
BONA,470000_7234000,2018,775
TEAK,315000_4093000,2019,20405
BONA,474000_7227000,2018,26543
WREF,573000_5076000,2018,29919
BONA,477000_7231000,2019,27469
TEAK,315000_4106000,2019,14391
BONA,476000_7224000,2019,40647
BONA,471000_7222000,2019,51350
BONA,472000_7233000,2019,87561
WREF,583000_5074000,2019,22038
WREF,593000_5075000,2019,41689
OSBS,405000_3291000,2018,15689
TEAK,318000_4096000,2019,17852
TEAK,315000_4105000,2019,21403
WREF,574000_5078000,2019,18323
WREF,582000_5082000,2018,22133
WREF,579000_5071000,2019,31773
WREF,581000_5078000,2019,30594
SOAP,295000_4100000,2018,12106
SOAP,300000_4097000,2018,8327
OSBS,400000_3287000,2019,32134
SOAP,302000_4099000,2019,23100
OSBS,400000_3287000,2018,23395
BONA,473000_7231000,2018,52530
SOAP,295000_4103000,2019,19506
BONA,481000_7224000,2019,7394
SOAP,293000_4102000,2019,23450
TEAK,321000_4103000,2018,16778
TEAK,319000_4091000,2018,14962
SOAP,298000_4099000,2019,26521
WREF,579000_5072000,2019,33356
OSBS,399000_3281000,2018,15132
BONA,481000_7227000,2018,1950
BONA,472000_7227000,2018,75940
DELA,419000_3597000,2019,11994
DELA,423000_3600000,2019,27164
TEAK,313000_4091000,2018,18265
BONA,470000_7233000,2018,52080
TEAK,323000_4091000,2018,16764
WREF,591000_5075000,2019,41775
WREF,583000_5080000,2019,38474
TEAK,321000_4098000,2018,18799
BART,314000_4876000,2018,32412
SOAP,295000_4104000,2019,16764
BONA,470000_7232000,2019,49940
WREF,574000_5077000,2018,35975
OSBS,409000_3287000,2019,16681
TEAK,322000_4101000,2018,22132
WREF,580000_5075000,2019,31954
BART,319000_4875000,2018,38798
WREF,571000_5074000,2018,23730
WREF,574000_5080000,2018,30099
TEAK,324000_4102000,2019,8125
WREF,575000_5073000,2019,29959
WREF,592000_5078000,2018,24103
SOAP,300000_4108000,2019,22267
SOAP,303000_4104000,2019,19443
BART,315000_4881000,2018,36332
DELA,422000_3604000,2019,43291
OSBS,398000_3282000,2018,6468
OSBS,402000_3285000,2018,24466
OSBS,396000_3286000,2019,32139
BONA,476000_7225000,2019,15897
BART,322000_4875000,2019,38724
BART,315000_4877000,2018,53265
TEAK,315000_4096000,2019,18735
WREF,588000_5077000,2019,39763
TEAK,314000_4095000,2018,15902
BONA,483000_7232000,2019,6292
TEAK,318000_4101000,2018,15862
BART,318000_4881000,2018,32627
TEAK,316000_4094000,2018,11230
SOAP,294000_4096000,2018,25578
BART,313000_4878000,2019,41989
OSBS,403000_3288000,2018,20082
WREF,583000_5082000,2018,22649
SOAP,301000_4100000,2019,27076
WREF,591000_5078000,2018,22670
TEAK,318000_4093000,2019,22619
TEAK,319000_4104000,2018,12210
TEAK,319000_4096000,2019,33436
TEAK,316000_4103000,2019,16965
TEAK,315000_4092000,2019,14780
BONA,472000_7223000,2018,47880
OSBS,405000_3279000,2019,37331
WREF,575000_5073000,2018,24398
TEAK,319000_4092000,2019,20171
BONA,478000_7231000,2019,30447
BONA,481000_7225000,2019,54481
WREF,592000_5075000,2019,43920
BONA,483000_7225000,2019,16562
BONA,473000_7231000,2019,46247
WREF,574000_5080000,2019,38100
WREF,581000_5071000,2018,22052
TEAK,317000_4103000,2019,10058
BART,316000_4876000,2019,45828
SOAP,303000_4104000,2018,15890
OSBS,409000_3288000,2019,29197
BART,322000_4878000,2019,57426
DELA,421000_3606000,2019,49723
OSBS,407000_3290000,2019,36992
WREF,575000_5075000,2018,24910
OSBS,409000_3284000,2018,19542
TEAK,316000_4099000,2019,18293
DELA,424000_3602000,2019,28134
WREF,574000_5077000,2019,43595
BONA,482000_7223000,2019,759
OSBS,401000_3286000,2018,23092
OSBS,406000_3281000,2018,16274
BONA,478000_7232000,2019,79696
DELA,421000_3602000,2019,16137
OSBS,407000_3287000,2019,34519
BONA,481000_7230000,2019,21963
DELA,426000_3598000,2019,12089
OSBS,399000_3289000,2019,44881
WREF,592000_5077000,2018,22363
BONA,481000_7234000,2018,9829
WREF,577000_5073000,2018,31979
BONA,472000_7225000,2018,28848
OSBS,400000_3286000,2018,19698
BONA,482000_7232000,2019,16760
TEAK,321000_4097000,2019,31947
SOAP,300000_4100000,2019,19859
WREF,577000_5077000,2018,31430
OSBS,399000_3280000,2019,23012
WREF,582000_5077000,2018,18515
WREF,575000_5074000,2019,36146
BONA,482000_7222000,2018,2424
OSBS,403000_3281000,2019,27789
OSBS,400000_3283000,2018,26158
BONA,480000_7230000,2019,22477
BONA,483000_7230000,2019,6468
WREF,576000_5072000,2018,21791
OSBS,397000_3287000,2019,22408
TEAK,319000_4105000,2018,16533
OSBS,401000_3285000,2019,28117
OSBS,398000_3287000,2019,18426
OSBS,404000_3285000,2018,21587
TEAK,319000_4092000,2018,15586
OSBS,405000_3290000,2019,22973
BART,317000_4874000,2018,34840
SOAP,302000_4103000,2018,24823
SOAP,303000_4097000,2018,11289
TEAK,316000_4093000,2019,15591
SOAP,295000_4098000,2018,7332
WREF,578000_5075000,2019,38643
BART,314000_4882000,2019,40658
TEAK,317000_4107000,2019,1477
WREF,583000_5079000,2018,20495
TEAK,321000_4107000,2018,11719
BONA,470000_7229000,2018,61479
WREF,578000_5076000,2018,29226
WREF,583000_5076000,2018,18175
WREF,575000_5076000,2018,25812
BONA,476000_7230000,2018,17088
TEAK,320000_4092000,2019,16078
SOAP,302000_4101000,2018,16784
TEAK,317000_4092000,2019,19581
BONA,474000_7229000,2018,49399
OSBS,409000_3281000,2018,30504
BONA,475000_7224000,2019,23850
BART,315000_4882000,2018,29188
BONA,472000_7231000,2019,58975
BART,314000_4880000,2018,39264
SOAP,302000_4097000,2019,22582
BONA,469000_7233000,2019,52915
BONA,470000_7222000,2019,33935
WREF,575000_5080000,2019,33581
OSBS,407000_3283000,2018,23374
SOAP,300000_4096000,2018,10023
WREF,574000_5073000,2018,25196
WREF,577000_5074000,2019,34974
OSBS,405000_3281000,2018,26067
WREF,573000_5082000,2018,16956
TEAK,316000_4104000,2019,17788
WREF,590000_5077000,2018,21453
BONA,470000_7231000,2018,38288
BONA,477000_7227000,2018,43167
BART,315000_4875000,2018,31826
OSBS,404000_3281000,2019,40464
WREF,576000_5076000,2018,36580
OSBS,400000_3276000,2019,51718
TEAK,320000_4098000,2019,25808
OSBS,402000_3288000,2019,5259
BONA,469000_7223000,2019,69288
TEAK,317000_4106000,2019,6061
BART,320000_4878000,2019,47147
SOAP,294000_4099000,2019,19497
SOAP,305000_4099000,2019,22582
TEAK,320000_4105000,2019,10251
BONA,482000_7233000,2019,14879
OSBS,406000_3291000,2019,32769
SOAP,304000_4106000,2019,9922
BONA,475000_7233000,2018,28924
WREF,571000_5070000,2018,25029
OSBS,402000_3277000,2018,24606
TEAK,313000_4105000,2018,13233
DELA,426000_3601000,2019,16293
BART,319000_4874000,2019,44656
WREF,583000_5079000,2019,28171
SOAP,296000_4103000,2019,16399
OSBS,406000_3280000,2019,27272
WREF,576000_5076000,2019,46231
OSBS,409000_3281000,2019,41181
BONA,473000_7222000,2019,48085
BONA,477000_7225000,2019,9059
TEAK,315000_4103000,2019,15063
BART,313000_4875000,2018,38268
DELA,427000_3602000,2019,12797
BONA,478000_7232000,2018,83742
BART,316000_4880000,2019,38754
WREF,577000_5079000,2019,39033
SOAP,298000_4100000,2019,21067
SOAP,295000_4097000,2019,23436
TEAK,316000_4106000,2018,10544
SOAP,294000_4098000,2018,12201
TEAK,314000_4093000,2018,14347
DELA,425000_3599000,2019,29005
OSBS,407000_3291000,2019,33839
WREF,582000_5076000,2019,18224
BART,315000_4879000,2019,38906
OSBS,397000_3282000,2018,1067
SOAP,299000_4096000,2018,13751
DELA,424000_3597000,2019,21052
SOAP,300000_4104000,2019,28080
SOAP,301000_4102000,2019,28560
BONA,481000_7229000,2019,22856
BONA,475000_7234000,2019,28750
TEAK,323000_4095000,2019,9411
OSBS,399000_3278000,2019,22783
TEAK,320000_4093000,2018,14427
BONA,483000_7226000,2019,47051
TEAK,320000_4100000,2018,11518
OSBS,401000_3282000,2019,23868
SOAP,294000_4097000,2019,38393
TEAK,324000_4096000,2019,9163
WREF,580000_5078000,2019,27175
WREF,576000_5071000,2019,28464
OSBS,397000_3282000,2019,1401
WREF,577000_5073000,2019,40242
TEAK,314000_4099000,2018,19620
BONA,472000_7230000,2019,33741
WREF,593000_5077000,2019,45800
TEAK,323000_4092000,2019,18233
TEAK,320000_4094000,2019,26460
WREF,581000_5080000,2019,42206
DELA,425000_3604000,2019,37589
OSBS,407000_3282000,2019,29703
WREF,574000_5081000,2019,26920
BART,319000_4879000,2018,38377
BONA,470000_7228000,2018,49258
BONA,472000_7227000,2019,67480
TEAK,317000_4098000,2019,17913
SOAP,299000_4101000,2019,22643
OSBS,399000_3285000,2018,22607
BONA,483000_7228000,2018,29879
WREF,582000_5071000,2019,28598
BONA,474000_7234000,2019,28519
OSBS,407000_3284000,2018,17258
TEAK,320000_4099000,2019,21603
WREF,582000_5077000,2019,27457
OSBS,395000_3280000,2019,22024
TEAK,324000_4106000,2018,932
OSBS,402000_3288000,2018,5481
SOAP,297000_4098000,2019,23466
BONA,482000_7225000,2018,31307
TEAK,321000_4093000,2018,18357
BART,313000_4877000,2019,39783
DELA,426000_3606000,2019,7602
BONA,479000_7222000,2018,1069
WREF,573000_5074000,2018,28820
BONA,475000_7225000,2018,25850
BONA,476000_7234000,2019,20716
OSBS,404000_3286000,2018,18483
WREF,575000_5079000,2018,29865
BONA,481000_7228000,2019,12856
SOAP,300000_4107000,2019,23216
BART,316000_4882000,2019,32311
BART,320000_4879000,2018,51053
WREF,584000_5078000,2018,18938
DELA,427000_3598000,2019,3632
BART,320000_4877000,2019,38081
SOAP,301000_4098000,2018,16602
BONA,477000_7232000,2018,83844
BONA,475000_7223000,2019,49565
BART,317000_4878000,2019,41288
WREF,586000_5077000,2018,14331
BONA,474000_7226000,2019,41441
BONA,471000_7233000,2019,87352
BONA,474000_7224000,2019,23693
BONA,478000_7233000,2019,70729
BONA,482000_7227000,2018,13373
OSBS,411000_3281000,2019,36676
TEAK,322000_4097000,2019,25130
SOAP,301000_4104000,2019,24904
OSBS,401000_3280000,2018,13785
SOAP,295000_4106000,2019,16401
BONA,480000_7231000,2019,66524
SOAP,304000_4107000,2019,7510
BONA,480000_7223000,2019,2761
TEAK,315000_4103000,2018,13911
BONA,469000_7224000,2018,40091
TEAK,322000_4107000,2018,13600
OSBS,403000_3281000,2018,24248
TEAK,321000_4106000,2019,8519
BONA,478000_7230000,2018,58347
TEAK,317000_4102000,2018,10099
WREF,580000_5072000,2018,19296
BONA,469000_7226000,2018,55233
WREF,582000_5072000,2018,14321
DELA,428000_3596000,2019,4830
WREF,585000_5078000,2018,22017
DELA,423000_3606000,2019,50553
BONA,476000_7230000,2019,15716
WREF,577000_5070000,2019,33526
SOAP,293000_4099000,2019,20387
TEAK,317000_4100000,2018,16520
WREF,577000_5077000,2019,43282
SOAP,299000_4097000,2018,12183
BONA,483000_7223000,2019,5196
BART,321000_4881000,2019,54924
SOAP,298000_4100000,2018,13506
SOAP,294000_4103000,2018,17116
WREF,577000_5075000,2018,21115
DELA,419000_3604000,2019,35999
WREF,582000_5078000,2018,25225
WREF,579000_5073000,2018,25366
WREF,583000_5078000,2018,25840
TEAK,318000_4102000,2018,15046
OSBS,395000_3283000,2018,12828
SOAP,294000_4102000,2019,19387
OSBS,395000_3284000,2019,18250
TEAK,314000_4100000,2019,21510
WREF,578000_5077000,2019,45496
BART,313000_4880000,2019,56516
WREF,580000_5071000,2018,11984
SOAP,298000_4104000,2019,32293
BONA,482000_7225000,2019,35716
WREF,578000_5073000,2018,31682
WREF,571000_5071000,2018,27318
WREF,581000_5076000,2019,26572
BONA,477000_7224000,2018,19729
WREF,575000_5071000,2018,26372
TEAK,320000_4093000,2019,18078
OSBS,409000_3282000,2018,25428
BONA,476000_7226000,2019,30012
WREF,575000_5070000,2019,25666
BART,313000_4882000,2018,34230
OSBS,408000_3280000,2019,31046
WREF,573000_5081000,2018,18831
TEAK,321000_4103000,2019,15726
OSBS,406000_3285000,2018,26792
OSBS,408000_3284000,2019,14791
TEAK,322000_4094000,2018,5627
TEAK,324000_4105000,2018,4904
BONA,483000_7227000,2018,46152
TEAK,313000_4103000,2018,18208
BART,315000_4878000,2018,44147
TEAK,317000_4107000,2018,5266
DELA,427000_3599000,2019,3216
SOAP,297000_4097000,2019,23155
BONA,478000_7225000,2018,9202
WREF,574000_5070000,2018,23024
BART,316000_4874000,2019,38303
TEAK,320000_4105000,2018,10225
WREF,577000_5081000,2019,26135
OSBS,402000_3289000,2018,9360
BONA,481000_7234000,2019,10853
SOAP,302000_4101000,2019,21192
SOAP,300000_4106000,2019,32157
BART,316000_4875000,2018,34515
TEAK,321000_4102000,2019,11810
BONA,474000_7234000,2018,23337
SOAP,302000_4105000,2019,13282
SOAP,300000_4099000,2019,22694
BONA,482000_7232000,2018,14445
BART,322000_4881000,2018,40733
WREF,581000_5072000,2018,19949
SOAP,299000_4100000,2018,12462
BONA,479000_7226000,2018,1064
OSBS,402000_3280000,2018,535
BONA,472000_7229000,2018,78682
DELA,425000_3602000,2019,20320
SOAP,303000_4103000,2019,21344
OSBS,401000_3278000,2018,46391
WREF,570000_5078000,2018,20009
WREF,574000_5076000,2019,33820
SOAP,301000_4096000,2019,15304
OSBS,410000_3279000,2019,28543
WREF,581000_5075000,2018,21365
TEAK,320000_4103000,2019,18143
BART,321000_4874000,2019,31939
BONA,481000_7224000,2018,6189
SOAP,298000_4107000,2019,27766
TEAK,324000_4104000,2019,11788
OSBS,407000_3283000,2019,28766
TEAK,320000_4107000,2018,5093
OSBS,396000_3283000,2018,3840
BONA,477000_7230000,2018,54350
DELA,428000_3601000,2019,3067
TEAK,320000_4100000,2019,14479
SOAP,294000_4098000,2019,12349
SOAP,302000_4102000,2019,28996
BART,320000_4874000,2019,36241
BONA,480000_7223000,2018,1601
WREF,582000_5078000,2019,33661
OSBS,411000_3280000,2019,28306
BONA,474000_7228000,2019,39621
BONA,483000_7222000,2018,2001
WREF,578000_5073000,2019,39564
SOAP,303000_4103000,2018,17551
TEAK,322000_4100000,2019,33930
SOAP,303000_4099000,2019,25769
TEAK,322000_4095000,2018,11105
TEAK,321000_4095000,2019,35802
OSBS,409000_3285000,2018,28727
OSBS,407000_3285000,2018,26649
OSBS,399000_3287000,2019,37336
OSBS,399000_3282000,2018,20236
OSBS,401000_3281000,2019,26625
OSBS,401000_3280000,2019,14395
OSBS,409000_3286000,2019,12559
TEAK,319000_4102000,2019,19484
OSBS,396000_3282000,2019,3746
BONA,480000_7222000,2019,7750
BART,319000_4882000,2018,29579
WREF,580000_5077000,2018,22389
TEAK,318000_4103000,2019,13819
WREF,582000_5079000,2018,32294
OSBS,405000_3278000,2018,19680
TEAK,314000_4094000,2019,25429
OSBS,406000_3282000,2018,16195
WREF,580000_5077000,2019,25717
WREF,574000_5070000,2019,29321
WREF,593000_5077000,2018,27470
SOAP,301000_4108000,2019,24206
TEAK,322000_4105000,2019,12552
WREF,580000_5073000,2018,20779
DELA,419000_3603000,2019,30840
BONA,479000_7223000,2018,8325
BONA,482000_7229000,2019,5234
WREF,579000_5071000,2018,20586
BART,321000_4882000,2019,35175
SOAP,303000_4097000,2019,25510
OSBS,399000_3276000,2019,25518
OSBS,401000_3277000,2018,17973
OSBS,403000_3286000,2018,15749
WREF,590000_5076000,2019,43713
BONA,480000_7224000,2018,11339
BART,319000_4875000,2019,42983
WREF,579000_5078000,2019,33110
SOAP,305000_4100000,2019,22578
TEAK,322000_4093000,2019,13527
DELA,421000_3599000,2019,20215
OSBS,408000_3287000,2018,26465
WREF,572000_5077000,2018,25686
OSBS,399000_3277000,2019,16181
BONA,474000_7225000,2018,31894
TEAK,313000_4094000,2018,14142
WREF,579000_5075000,2019,29256
TEAK,323000_4097000,2019,14458
TEAK,316000_4103000,2018,17239
BONA,482000_7224000,2019,3957
OSBS,406000_3284000,2019,25132
BONA,476000_7231000,2019,30928
BONA,480000_7226000,2019,21002
WREF,572000_5080000,2018,14303
WREF,574000_5075000,2018,24835
BART,314000_4882000,2018,35737
DELA,421000_3605000,2019,46509
BART,315000_4882000,2019,32930
WREF,579000_5077000,2019,40534
TEAK,323000_4099000,2019,23619
BART,315000_4881000,2019,37097
OSBS,399000_3284000,2018,18245
BART,314000_4881000,2018,41526
OSBS,407000_3281000,2018,12641
OSBS,409000_3284000,2019,22291
WREF,581000_5081000,2018,21476
OSBS,408000_3289000,2018,16647
BONA,479000_7225000,2019,25685
SOAP,296000_4107000,2019,22769
WREF,574000_5076000,2018,26180
OSBS,402000_3282000,2019,21288
BART,318000_4880000,2019,45537
SOAP,300000_4099000,2018,16381
WREF,588000_5076000,2018,18480
WREF,583000_5076000,2019,32541
BONA,482000_7228000,2019,1412
OSBS,403000_3284000,2018,22458
SOAP,299000_4104000,2018,16740
WREF,577000_5072000,2019,41154
BONA,471000_7229000,2019,56442
OSBS,407000_3285000,2019,30650
TEAK,321000_4104000,2019,18080
OSBS,404000_3277000,2019,32733
TEAK,323000_4104000,2018,18109
BONA,483000_7233000,2019,8760
BART,319000_4877000,2018,41702
BONA,470000_7228000,2019,58195
WREF,587000_5076000,2018,19090
WREF,574000_5073000,2019,40584
BONA,481000_7223000,2018,1044
BART,314000_4875000,2018,30597
TEAK,318000_4103000,2018,12146
OSBS,408000_3285000,2019,26474
OSBS,408000_3286000,2019,30512
OSBS,399000_3278000,2018,16096
BART,322000_4874000,2018,33726
SOAP,303000_4098000,2019,25465
BONA,479000_7234000,2019,17181
WREF,570000_5081000,2018,21433
TEAK,318000_4097000,2019,16511
WREF,575000_5072000,2019,31832
OSBS,402000_3280000,2019,623
WREF,586000_5078000,2018,22508
TEAK,323000_4098000,2019,18342
TEAK,316000_4098000,2018,15283
TEAK,324000_4104000,2018,10967
SOAP,302000_4104000,2018,15724
SOAP,296000_4101000,2019,21014
TEAK,321000_4104000,2018,18404
BONA,480000_7225000,2019,46816
SOAP,299000_4099000,2018,12376
WREF,572000_5072000,2018,27673
BONA,470000_7224000,2018,40796
TEAK,315000_4100000,2019,17662
SOAP,300000_4098000,2019,17054
BONA,480000_7234000,2019,5972
BART,316000_4878000,2018,41107
OSBS,405000_3285000,2018,13506
OSBS,403000_3284000,2019,24821
DELA,419000_3597000,2018,8813
OSBS,408000_3287000,2019,31236
WREF,576000_5078000,2018,26535
BART,320000_4882000,2019,29175
TEAK,315000_4099000,2019,22345
TEAK,320000_4098000,2018,19674
WREF,577000_5072000,2018,32576
WREF,590000_5076000,2018,27047
BONA,469000_7234000,2019,12075
WREF,588000_5075000,2018,19502
OSBS,403000_3285000,2019,31831
WREF,593000_5075000,2018,27985
OSBS,400000_3280000,2019,31557
OSBS,395000_3286000,2019,47137
TEAK,316000_4102000,2018,8485
OSBS,403000_3278000,2019,4485
SOAP,297000_4101000,2018,14652
WREF,573000_5075000,2018,29322
BONA,474000_7228000,2018,36996
WREF,588000_5078000,2019,36724
BART,321000_4880000,2018,43446
SOAP,301000_4097000,2018,7794
WREF,575000_5082000,2019,20800
OSBS,404000_3288000,2018,20687
BART,320000_4880000,2019,45478
TEAK,318000_4092000,2018,14864
OSBS,395000_3287000,2018,28147
BART,319000_4879000,2019,45754
BONA,473000_7224000,2019,20647
SOAP,301000_4100000,2018,19204
DELA,420000_3599000,2019,23333
WREF,579000_5079000,2019,26124
SOAP,302000_4104000,2019,19011
WREF,577000_5074000,2018,26261
BART,318000_4874000,2019,50476
BONA,476000_7231000,2018,35763
WREF,571000_5073000,2018,27692
WREF,576000_5082000,2018,19578
TEAK,317000_4101000,2018,11986
TEAK,317000_4097000,2018,15887
BONA,479000_7224000,2019,36018
SOAP,299000_4103000,2019,19333
WREF,573000_5078000,2018,32250
WREF,576000_5079000,2019,41553
WREF,571000_5079000,2018,32841
SOAP,295000_4101000,2018,16329
OSBS,395000_3282000,2018,4243
BONA,474000_7233000,2019,43368
BART,317000_4881000,2018,36529
SOAP,298000_4105000,2019,30605
WREF,579000_5074000,2019,33303
BONA,473000_7228000,2018,30201
BONA,475000_7229000,2018,61043
WREF,589000_5075000,2019,42931
BONA,472000_7230000,2018,38118
TEAK,316000_4097000,2018,16394
BONA,471000_7224000,2019,83318
TEAK,315000_4099000,2018,16727
BONA,475000_7224000,2018,34832
BONA,478000_7229000,2019,65652
OSBS,400000_3280000,2018,21261
DELA,420000_3597000,2018,11764
TEAK,314000_4100000,2018,16198
BONA,481000_7222000,2019,2753
DELA,426000_3597000,2019,19577
OSBS,405000_3279000,2018,27018
BART,321000_4874000,2018,31830
OSBS,405000_3277000,2019,28590
WREF,594000_5075000,2019,37419
BONA,469000_7233000,2018,46662
WREF,571000_5081000,2018,27605
BONA,470000_7224000,2019,35656
OSBS,403000_3279000,2018,1132
WREF,583000_5081000,2019,41494
BONA,477000_7222000,2018,10696
BONA,477000_7227000,2019,42787
BONA,480000_7233000,2018,21764
OSBS,400000_3284000,2018,26362
WREF,590000_5075000,2018,22000
SOAP,305000_4102000,2019,23406
OSBS,406000_3288000,2019,12650
OSBS,407000_3287000,2018,27023
BONA,471000_7223000,2019,23242
WREF,582000_5073000,2019,22676
SOAP,297000_4107000,2019,25574
DELA,420000_3606000,2019,47080
OSBS,402000_3277000,2019,23141
TEAK,323000_4107000,2018,17899
BONA,479000_7228000,2019,11505
OSBS,410000_3281000,2019,33298
TEAK,319000_4098000,2019,25238
BONA,475000_7222000,2019,37845
WREF,578000_5079000,2019,28252
WREF,583000_5073000,2018,17063
TEAK,323000_4103000,2019,13512
WREF,587000_5078000,2018,18910
OSBS,402000_3283000,2019,19879
BONA,479000_7224000,2018,35022
BONA,472000_7234000,2019,24284
SOAP,296000_4104000,2019,22529
WREF,581000_5072000,2019,29015
DELA,420000_3596000,2018,10490
WREF,590000_5077000,2019,36382
OSBS,396000_3282000,2018,2727
OSBS,400000_3282000,2018,18653
BONA,483000_7225000,2018,16313
BONA,472000_7226000,2018,42388
TEAK,321000_4101000,2019,15811
TEAK,316000_4095000,2018,15874
WREF,576000_5071000,2018,23285
WREF,580000_5071000,2019,27270
SOAP,304000_4099000,2019,23642
OSBS,407000_3280000,2019,25495
BART,322000_4882000,2018,37518
TEAK,322000_4099000,2019,20452
TEAK,320000_4104000,2018,13046
OSBS,408000_3283000,2019,27197
DELA,423000_3599000,2019,37450
TEAK,321000_4096000,2018,22775
BONA,475000_7230000,2018,27857
TEAK,318000_4102000,2019,17277
SOAP,296000_4103000,2018,13073
SOAP,299000_4098000,2019,22348
BONA,477000_7231000,2018,37626
BART,321000_4875000,2019,36062
OSBS,407000_3290000,2018,26701
OSBS,401000_3288000,2018,24124
BART,321000_4877000,2018,38587
WREF,582000_5073000,2018,15906
WREF,580000_5079000,2018,21825
BART,322000_4881000,2019,46526
TEAK,313000_4101000,2018,14318
BART,313000_4876000,2018,35051
OSBS,409000_3283000,2019,38856
BART,319000_4880000,2019,47535
WREF,571000_5072000,2018,26775
TEAK,318000_4106000,2019,10557
SOAP,305000_4104000,2019,20033
OSBS,401000_3282000,2018,22717
OSBS,405000_3289000,2018,17346
WREF,575000_5078000,2018,31387
TEAK,316000_4096000,2019,21355
OSBS,403000_3287000,2019,25989
SOAP,294000_4096000,2019,39236
OSBS,398000_3288000,2019,27869
OSBS,404000_3283000,2019,25839
BONA,479000_7222000,2019,1423
WREF,594000_5075000,2018,25852
WREF,593000_5076000,2018,27344
WREF,576000_5077000,2018,26405
BONA,476000_7224000,2018,49626
WREF,588000_5076000,2019,36898
OSBS,404000_3278000,2019,13467
TEAK,321000_4094000,2019,17739
BONA,479000_7223000,2019,8625
SOAP,300000_4101000,2018,14426
OSBS,399000_3279000,2018,18578
BART,316000_4876000,2018,39492
WREF,590000_5078000,2019,44680
WREF,574000_5072000,2019,32289
OSBS,409000_3286000,2018,11280
BART,320000_4875000,2018,30113
OSBS,408000_3289000,2019,19765
DELA,420000_3601000,2019,25478
OSBS,408000_3286000,2018,28017
OSBS,411000_3282000,2019,41784
OSBS,407000_3280000,2018,16066
TEAK,320000_4095000,2018,17058
TEAK,316000_4107000,2018,8716
BONA,480000_7227000,2019,3900
OSBS,399000_3285000,2019,32034
DELA,424000_3599000,2019,24586
OSBS,404000_3280000,2018,23898
BART,319000_4881000,2019,43060
TEAK,324000_4101000,2019,10379
SOAP,299000_4103000,2018,14378
WREF,578000_5078000,2019,37334
BART,313000_4874000,2018,33275
TEAK,324000_4106000,2019,1202
BART,320000_4879000,2019,64016
BART,315000_4883000,2019,23345
BONA,479000_7226000,2019,1349
OSBS,403000_3279000,2019,1827
TEAK,320000_4106000,2019,4040
OSBS,400000_3284000,2019,34854
SOAP,303000_4102000,2019,28251
SOAP,302000_4098000,2018,19933
TEAK,315000_4093000,2018,15397
TEAK,316000_4101000,2018,5332
OSBS,402000_3283000,2018,17980
BONA,478000_7230000,2019,55270
BART,321000_4876000,2018,38675
BART,313000_4879000,2019,48047
OSBS,395000_3283000,2019,15549
WREF,571000_5082000,2018,25228
SOAP,295000_4100000,2019,19770
SOAP,303000_4106000,2019,17038
BART,319000_4874000,2018,40710
OSBS,406000_3283000,2018,26773
SOAP,297000_4100000,2018,11634
WREF,586000_5075000,2018,21840
BONA,478000_7234000,2019,37122
TEAK,314000_4098000,2018,16579
SOAP,297000_4101000,2019,19714
OSBS,395000_3285000,2018,31951
TEAK,321000_4100000,2018,18261
OSBS,406000_3289000,2018,11893
WREF,573000_5071000,2018,23302
DELA,423000_3603000,2019,26371
OSBS,408000_3288000,2019,30737
DELA,427000_3603000,2019,12885
WREF,582000_5074000,2019,31277
TEAK,320000_4096000,2019,38866
TEAK,321000_4094000,2018,14202
OSBS,410000_3283000,2019,45873
TEAK,323000_4100000,2018,27237
WREF,577000_5076000,2019,49978
WREF,579000_5082000,2019,30794
OSBS,409000_3289000,2018,16227
WREF,587000_5077000,2018,20719
DELA,420000_3597000,2019,14328
DELA,423000_3602000,2019,30283
TEAK,319000_4106000,2019,11226
BONA,478000_7226000,2019,387
BART,318000_4876000,2019,41056
SOAP,300000_4097000,2019,21808
TEAK,317000_4099000,2018,17004
OSBS,397000_3281000,2019,11364
OSBS,399000_3283000,2018,11813
SOAP,298000_4105000,2018,20135
OSBS,409000_3285000,2019,31374
SOAP,297000_4097000,2018,12465
BONA,477000_7228000,2019,44812
TEAK,313000_4096000,2019,21901
DELA,422000_3600000,2019,28485
BONA,475000_7229000,2019,58967
OSBS,408000_3281000,2019,44116
SOAP,297000_4096000,2019,21071
WREF,588000_5077000,2018,22637
SOAP,302000_4100000,2019,19228
SOAP,301000_4096000,2018,6826
BONA,472000_7233000,2018,92219
SOAP,296000_4100000,2018,12862
WREF,593000_5078000,2018,24539
WREF,576000_5070000,2019,24615
BART,313000_4882000,2019,36760
WREF,580000_5081000,2018,20076
DELA,428000_3604000,2019,26993
SOAP,303000_4102000,2018,22537
WREF,580000_5078000,2018,22444
BART,318000_4875000,2018,36256
OSBS,405000_3281000,2019,33811
OSBS,404000_3284000,2018,22917
SOAP,296000_4096000,2018,11894
BONA,480000_7232000,2019,68851
BONA,477000_7229000,2019,55922
BONA,469000_7222000,2018,44660
TEAK,316000_4100000,2018,12176
DELA,428000_3603000,2019,11652
WREF,576000_5070000,2018,23069
BART,313000_4874000,2019,36653
BONA,471000_7232000,2019,70543
WREF,590000_5074000,2019,31387
TEAK,321000_4091000,2018,17494
BONA,478000_7224000,2018,14768
WREF,574000_5082000,2018,18118
OSBS,401000_3278000,2019,42622
WREF,588000_5078000,2018,17591
OSBS,406000_3282000,2019,27847
BONA,473000_7234000,2018,31009
BONA,478000_7223000,2018,25435
WREF,576000_5081000,2018,19721
WREF,572000_5081000,2018,22742
TEAK,313000_4093000,2018,13808
BONA,482000_7233000,2018,12697
TEAK,315000_4097000,2019,20700
BONA,478000_7224000,2019,14994
SOAP,302000_4103000,2019,29478
TEAK,315000_4101000,2019,13308
BONA,476000_7232000,2019,80651
DELA,428000_3598000,2019,10799
TEAK,314000_4104000,2018,24989
TEAK,316000_4093000,2018,10919
BONA,474000_7230000,2018,38456
WREF,571000_5077000,2018,17055
WREF,580000_5072000,2019,30795
TEAK,323000_4106000,2018,17797
DELA,428000_3600000,2019,6008
TEAK,324000_4100000,2018,12528
TEAK,314000_4105000,2018,17847
OSBS,400000_3282000,2019,24466
SOAP,296000_4101000,2018,16371
OSBS,403000_3278000,2018,3089
WREF,581000_5075000,2019,29638
OSBS,407000_3282000,2018,16448
OSBS,405000_3286000,2019,366
WREF,574000_5071000,2019,34348
OSBS,399000_3281000,2019,23545
TEAK,320000_4097000,2019,34051
BONA,475000_7227000,2019,20556
TEAK,324000_4096000,2018,7624
SOAP,293000_4101000,2019,16070
SOAP,296000_4102000,2019,16947
BONA,481000_7233000,2018,36914
SOAP,299000_4102000,2018,12281
TEAK,317000_4095000,2018,10842
BONA,476000_7233000,2019,60373
BART,321000_4878000,2018,42400
WREF,583000_5077000,2019,30762
DELA,426000_3605000,2019,15482
DELA,424000_3600000,2019,29006
BART,313000_4875000,2019,42728
OSBS,405000_3277000,2018,18631
WREF,583000_5077000,2018,22050
WREF,581000_5077000,2019,26109
TEAK,324000_4099000,2018,6839
BONA,478000_7227000,2018,12641
BART,320000_4874000,2018,35269
DELA,421000_3597000,2019,10246
BART,316000_4877000,2018,45148
BART,321000_4877000,2019,41411
TEAK,324000_4100000,2019,15539
SOAP,304000_4104000,2019,17923
SOAP,304000_4105000,2019,13664
TEAK,317000_4093000,2019,19959
BONA,480000_7228000,2019,37549
OSBS,405000_3287000,2018,12355
BONA,473000_7226000,2018,38680
DELA,428000_3602000,2019,9241
BART,315000_4875000,2019,38261
SOAP,297000_4098000,2018,11626
BONA,477000_7232000,2019,83070
BONA,472000_7223000,2019,35465
WREF,572000_5076000,2018,25564
BONA,470000_7230000,2018,42559
OSBS,400000_3288000,2018,37326
DELA,424000_3601000,2019,22819
TEAK,320000_4094000,2018,20579
BONA,469000_7231000,2019,27229
SOAP,299000_4108000,2019,17148
WREF,578000_5076000,2019,44280
SOAP,295000_4099000,2019,26361
SOAP,294000_4105000,2018,13966
TEAK,324000_4105000,2019,4922
WREF,571000_5078000,2018,30797
OSBS,402000_3285000,2019,27034
BONA,469000_7229000,2018,57754
TEAK,317000_4102000,2019,11250
OSBS,405000_3278000,2019,31159
TEAK,320000_4092000,2018,12376
TEAK,319000_4106000,2018,12287
DELA,422000_3606000,2019,41170
TEAK,316000_4098000,2019,20904
OSBS,405000_3288000,2019,21413
BONA,483000_7229000,2019,1265
TEAK,314000_4097000,2018,17659
BONA,483000_7227000,2019,44761
BART,316000_4881000,2019,37138
BONA,480000_7227000,2018,3249
BONA,479000_7232000,2018,60553
WREF,579000_5072000,2018,23789
OSBS,404000_3279000,2019,25294
OSBS,406000_3287000,2018,31231
OSBS,409000_3287000,2018,15225
BONA,470000_7223000,2019,24282
TEAK,318000_4107000,2018,5064
BONA,470000_7222000,2018,25273
BONA,483000_7222000,2019,3464
OSBS,399000_3288000,2019,45837
BONA,482000_7223000,2018,577
BART,320000_4881000,2018,31265
SOAP,296000_4099000,2018,16114
BONA,474000_7223000,2019,53399
OSBS,403000_3280000,2018,1353
WREF,591000_5078000,2019,38030
OSBS,408000_3282000,2018,21680
WREF,575000_5082000,2018,17957
SOAP,302000_4099000,2018,18274
BONA,471000_7227000,2019,63188
TEAK,319000_4103000,2019,16113
TEAK,323000_4098000,2018,13903
BONA,474000_7222000,2018,31254
BART,314000_4879000,2019,45502
SOAP,299000_4096000,2019,39044
OSBS,395000_3285000,2019,37835
WREF,576000_5080000,2018,21065
WREF,581000_5073000,2018,13957
BART,319000_4881000,2018,36063
WREF,571000_5076000,2018,24550
WREF,583000_5081000,2018,23501
OSBS,395000_3281000,2018,12013
BONA,470000_7230000,2019,44355
TEAK,318000_4091000,2018,15561
OSBS,403000_3276000,2019,25192
OSBS,401000_3283000,2019,23845
BART,313000_4877000,2018,37445
BONA,471000_7226000,2018,51468
TEAK,317000_4103000,2018,15396
TEAK,315000_4104000,2019,27702
OSBS,404000_3278000,2018,8890
BONA,483000_7226000,2018,48183
BONA,470000_7226000,2019,79896
TEAK,315000_4107000,2018,9605
OSBS,398000_3286000,2018,18790
DELA,423000_3604000,2019,36072
BONA,476000_7228000,2019,37006
TEAK,316000_4107000,2019,5125
SOAP,298000_4098000,2018,10572
WREF,572000_5071000,2018,26430
BONA,482000_7228000,2018,960
WREF,572000_5075000,2018,21722
TEAK,316000_4094000,2019,15953
OSBS,407000_3281000,2019,24436
WREF,571000_5080000,2018,19253
TEAK,320000_4101000,2018,13985
OSBS,400000_3278000,2018,27566
BONA,479000_7230000,2019,47158
TEAK,319000_4103000,2018,15113
TEAK,319000_4095000,2019,11146
OSBS,400000_3279000,2019,29889
WREF,592000_5075000,2018,27980
WREF,582000_5079000,2019,41743
TEAK,314000_4101000,2018,17376
TEAK,315000_4104000,2018,25275
OSBS,405000_3288000,2018,15858
OSBS,404000_3280000,2019,33224
SOAP,302000_4098000,2019,25360
WREF,585000_5075000,2018,24659
SOAP,296000_4098000,2019,21710
BART,322000_4877000,2019,48468
TEAK,317000_4105000,2019,10706
WREF,577000_5080000,2019,27449
WREF,582000_5080000,2019,31914
TEAK,318000_4099000,2019,16140
TEAK,320000_4091000,2018,12377
OSBS,398000_3283000,2018,13343
WREF,580000_5076000,2018,21393
TEAK,319000_4097000,2019,30783
SOAP,298000_4103000,2019,21226
WREF,590000_5075000,2019,39785
OSBS,403000_3283000,2018,18304
SOAP,297000_4103000,2019,16977
WREF,584000_5076000,2018,23741
BONA,480000_7222000,2018,3834
DELA,422000_3602000,2019,34868
OSBS,401000_3276000,2019,27153
OSBS,407000_3288000,2019,31825
TEAK,319000_4102000,2018,16898
BONA,482000_7234000,2019,11563
SOAP,300000_4102000,2018,14892
TEAK,314000_4093000,2019,19527
WREF,579000_5081000,2019,27840
BONA,470000_7229000,2019,71742
BART,322000_4876000,2019,46073
OSBS,406000_3280000,2018,17414
WREF,574000_5071000,2018,25227
BART,318000_4882000,2018,27869
OSBS,409000_3279000,2018,17761
BONA,477000_7223000,2018,32521
WREF,583000_5071000,2019,24737
OSBS,403000_3282000,2019,14748
SOAP,295000_4102000,2018,18504
OSBS,401000_3289000,2019,22816
TEAK,318000_4096000,2018,13050
TEAK,318000_4104000,2018,14622
OSBS,404000_3289000,2018,24772
BONA,473000_7227000,2019,32030
BONA,478000_7225000,2019,10475
TEAK,317000_4097000,2019,22148
OSBS,397000_3284000,2018,13683
SOAP,305000_4105000,2019,16727
SOAP,294000_4104000,2018,15061
OSBS,407000_3288000,2018,23404
BONA,476000_7228000,2018,36565
OSBS,406000_3292000,2019,27089
TEAK,322000_4101000,2019,24980
OSBS,400000_3281000,2019,31086
WREF,574000_5078000,2018,15324
TEAK,318000_4097000,2018,12062
WREF,591000_5076000,2018,19443
BONA,472000_7226000,2019,43478
SOAP,301000_4103000,2019,24323
OSBS,408000_3281000,2018,24522
SOAP,298000_4097000,2019,24401
BONA,473000_7222000,2018,47630
SOAP,296000_4102000,2018,12751
OSBS,401000_3279000,2019,27603
OSBS,402000_3281000,2019,16587
BONA,480000_7234000,2018,4061
OSBS,399000_3280000,2018,15939
BART,313000_4881000,2019,42752
BART,318000_4878000,2019,53484
TEAK,315000_4094000,2018,14352
OSBS,403000_3280000,2019,1733
BART,313000_4879000,2018,42107
BONA,481000_7225000,2018,47460
BART,316000_4882000,2018,28604
BONA,479000_7225000,2018,23947
BONA,472000_7232000,2018,105478
WREF,579000_5073000,2019,34257
BONA,470000_7225000,2019,46196
WREF,575000_5078000,2019,38429
BART,316000_4879000,2018,32919
BART,314000_4881000,2019,48305
WREF,574000_5082000,2019,24168
BART,318000_4877000,2019,53250
WREF,591000_5077000,2019,35129
TEAK,318000_4095000,2019,17593
WREF,575000_5081000,2019,17627
TEAK,314000_4092000,2019,19468
OSBS,399000_3279000,2019,25736
OSBS,395000_3287000,2019,36626
OSBS,409000_3288000,2018,26960
WREF,578000_5074000,2019,34650
OSBS,406000_3288000,2018,9517
BART,317000_4879000,2018,33139
WREF,589000_5076000,2018,18377
BART,317000_4875000,2018,34144
BART,322000_4873000,2019,32395
OSBS,404000_3277000,2018,20756
WREF,577000_5078000,2019,38252
WREF,580000_5074000,2019,25321
OSBS,396000_3287000,2018,14886
OSBS,409000_3280000,2019,39731
WREF,583000_5080000,2018,30616
WREF,577000_5071000,2018,26743
BART,321000_4876000,2019,41243
DELA,420000_3603000,2019,31792
OSBS,397000_3281000,2018,8012
WREF,572000_5073000,2018,22186
TEAK,320000_4106000,2018,4242
BONA,482000_7230000,2018,9594
BART,321000_4882000,2018,31579
DELA,427000_3600000,2019,2193
DELA,428000_3605000,2019,40382
BONA,470000_7232000,2018,47608
SOAP,300000_4098000,2018,14427
SOAP,298000_4099000,2018,15138
BONA,479000_7231000,2018,50384
TEAK,323000_4099000,2018,18125
BONA,482000_7234000,2018,11154
TEAK,322000_4095000,2019,13659
OSBS,395000_3279000,2019,26049
BONA,478000_7228000,2018,47137
OSBS,404000_3289000,2019,33337
SOAP,304000_4108000,2019,4943
SOAP,296000_4098000,2018,10096
BART,322000_4882000,2019,41756
DELA,422000_3597000,2019,18042
BART,315000_4876000,2018,41524
BART,319000_4878000,2018,48546
DELA,422000_3598000,2019,23635
BART,313000_4881000,2018,37435
WREF,580000_5082000,2019,35147
TEAK,323000_4105000,2018,21279
BONA,481000_7226000,2019,37690
BART,319000_4876000,2018,31988
TEAK,319000_4100000,2018,14243
TEAK,320000_4103000,2018,15722
WREF,578000_5082000,2018,20808
WREF,577000_5080000,2018,18266
OSBS,400000_3278000,2019,35639
WREF,576000_5072000,2019,26489
BART,314000_4876000,2019,37104
TEAK,318000_4104000,2019,12954
OSBS,401000_3284000,2019,19263
WREF,576000_5074000,2018,29513
WREF,583000_5074000,2018,17180
TEAK,314000_4094000,2018,18607
BONA,476000_7222000,2018,29877
WREF,578000_5080000,2018,23205
WREF,573000_5073000,2018,21940
BONA,477000_7234000,2018,37396
BART,319000_4877000,2019,51085
BONA,474000_7231000,2019,72312
SOAP,295000_4099000,2018,13922
OSBS,405000_3284000,2019,29228
OSBS,398000_3281000,2018,8273
OSBS,401000_3289000,2018,22233
OSBS,404000_3281000,2018,32379
BONA,471000_7230000,2019,54645
TEAK,322000_4104000,2019,17257
TEAK,318000_4099000,2018,12304
TEAK,314000_4098000,2019,21467
TEAK,316000_4096000,2018,15863
TEAK,322000_4100000,2018,29134
WREF,580000_5075000,2018,18969
OSBS,395000_3282000,2019,5725
WREF,585000_5077000,2018,19804
SOAP,298000_4103000,2018,15194
BONA,483000_7233000,2018,8334
WREF,578000_5078000,2018,28572
BONA,469000_7225000,2019,89440
OSBS,406000_3286000,2019,32549
TEAK,318000_4092000,2019,20591
BONA,470000_7226000,2018,62115
BONA,482000_7226000,2018,47995
WREF,589000_5076000,2019,35800
TEAK,319000_4101000,2019,15224
OSBS,405000_3284000,2018,21401
WREF,591000_5076000,2019,37697
BONA,475000_7227000,2018,19737
BART,321000_4878000,2019,47833
BONA,471000_7226000,2019,59436
SOAP,295000_4098000,2019,14763
DELA,426000_3600000,2019,17002
WREF,575000_5081000,2018,15210
TEAK,319000_4096000,2018,25701
OSBS,396000_3280000,2019,26235
BART,315000_4876000,2019,51236
SOAP,297000_4102000,2018,9988
SOAP,299000_4101000,2018,15498
WREF,579000_5077000,2018,32902
BONA,482000_7222000,2019,6199
BONA,478000_7231000,2018,46622
TEAK,318000_4100000,2019,19256
BONA,469000_7234000,2018,10237
WREF,575000_5079000,2019,37499
BONA,471000_7225000,2019,24503
SOAP,300000_4105000,2019,29170
BONA,483000_7224000,2018,9545
OSBS,397000_3285000,2018,24014
WREF,575000_5080000,2018,23692
WREF,576000_5074000,2019,36168
TEAK,322000_4102000,2019,15530
BART,318000_4882000,2019,33132
BONA,479000_7231000,2019,52963
OSBS,403000_3285000,2018,27925
BART,316000_4875000,2019,38038
BART,322000_4875000,2018,36250
SOAP,296000_4105000,2018,21619
TEAK,319000_4105000,2019,14810
OSBS,402000_3287000,2019,13786
TEAK,320000_4102000,2019,10231
DELA,427000_3606000,2019,26647
OSBS,396000_3286000,2018,22088
BONA,469000_7222000,2019,60065
BONA,473000_7225000,2018,32772
TEAK,322000_4102000,2018,15229
SOAP,303000_4099000,2018,20053
WREF,579000_5080000,2019,27949
DELA,428000_3606000,2019,46042
OSBS,401000_3281000,2018,24991
BONA,478000_7222000,2019,3555
OSBS,404000_3282000,2018,25510
SOAP,296000_4106000,2019,24305
WREF,572000_5074000,2018,26567
SOAP,298000_4102000,2019,22146
BART,317000_4882000,2019,27311
TEAK,318000_4094000,2018,13395
BONA,481000_7227000,2019,2707
BART,317000_4874000,2019,40060
BONA,474000_7226000,2018,38605
TEAK,324000_4103000,2019,6540
BONA,472000_7224000,2019,49070
TEAK,324000_4107000,2019,22
SOAP,302000_4102000,2018,23255
BONA,476000_7229000,2018,36013
WREF,579000_5074000,2018,23454
TEAK,319000_4095000,2018,8262
SOAP,297000_4106000,2019,35531
BART,315000_4880000,2018,33933
OSBS,403000_3289000,2018,21332
BONA,479000_7233000,2018,52990
SOAP,294000_4101000,2019,26221
TEAK,323000_4103000,2018,13995
TEAK,322000_4091000,2018,19002
TEAK,319000_4101000,2018,12924
OSBS,396000_3281000,2019,17185
WREF,593000_5076000,2019,39579
WREF,581000_5078000,2018,20745
BART,317000_4877000,2019,47575
WREF,579000_5080000,2018,20980
OSBS,402000_3278000,2019,11847
WREF,580000_5080000,2018,24454
SOAP,297000_4105000,2018,22677
BONA,475000_7233000,2019,27452
WREF,577000_5076000,2018,31883
BART,316000_4880000,2018,34480
BONA,480000_7226000,2018,18580
SOAP,301000_4107000,2019,17918
SOAP,295000_4096000,2018,14805
OSBS,408000_3284000,2018,14016
BONA,483000_7223000,2018,4521
TEAK,315000_4101000,2018,10312
BART,322000_4876000,2018,42724
OSBS,406000_3285000,2019,33689
OSBS,405000_3285000,2019,17390
TEAK,316000_4105000,2018,14603
WREF,589000_5078000,2018,20313
BONA,476000_7227000,2019,34223
OSBS,401000_3285000,2018,25751
BONA,480000_7224000,2019,12874
BONA,475000_7231000,2019,50229
OSBS,405000_3287000,2019,16782
BART,322000_4880000,2019,55769
OSBS,398000_3287000,2018,12600
TEAK,323000_4092000,2018,15483
WREF,581000_5074000,2019,21666
WREF,573000_5079000,2018,10462
BART,314000_4874000,2019,37851
TEAK,322000_4093000,2018,10560
BONA,475000_7232000,2019,58765
BONA,483000_7232000,2018,5614
OSBS,401000_3287000,2018,22362
BONA,471000_7222000,2018,43710
OSBS,409000_3280000,2018,24322
WREF,582000_5080000,2018,20781
TEAK,317000_4105000,2018,13694
TEAK,321000_4092000,2019,23221
TEAK,316000_4092000,2018,11189
SOAP,302000_4096000,2019,23051
SOAP,296000_4097000,2018,7246
BART,313000_4876000,2019,38837
WREF,583000_5082000,2019,29956
TEAK,322000_4107000,2019,13550
TEAK,316000_4106000,2019,7681
SOAP,298000_4098000,2019,20315
WREF,581000_5082000,2019,38280
BART,317000_4876000,2019,42838
BONA,469000_7226000,2019,84129
WREF,581000_5073000,2019,21624
SOAP,294000_4100000,2019,17593
BART,322000_4877000,2018,42649
BART,321000_4880000,2019,47986
BONA,479000_7229000,2018,25615
BONA,471000_7228000,2019,67003
WREF,591000_5075000,2018,23680
WREF,579000_5076000,2019,37334
SOAP,301000_4101000,2018,12612
TEAK,322000_4103000,2018,16106
OSBS,395000_3281000,2019,18506
SOAP,300000_4101000,2019,18592
OSBS,404000_3283000,2018,20524
BONA,469000_7230000,2019,46910
TEAK,317000_4092000,2018,13485
TEAK,315000_4098000,2018,18628
BONA,475000_7234000,2018,36277
TEAK,323000_4101000,2019,21472
WREF,580000_5076000,2019,28439
OSBS,403000_3286000,2019,18215
SOAP,301000_4103000,2018,15505
TEAK,321000_4100000,2019,21402
BONA,473000_7225000,2019,35984
BART,322000_4878000,2018,46493
SOAP,303000_4101000,2019,27327
TEAK,317000_4104000,2018,15773
BART,320000_4876000,2019,36879
TEAK,320000_4097000,2018,25781
DELA,425000_3606000,2019,18656
TEAK,323000_4107000,2019,17682
TEAK,315000_4094000,2019,19111
BONA,469000_7224000,2019,54887
SOAP,304000_4100000,2019,22721
OSBS,396000_3285000,2018,25112
BONA,480000_7230000,2018,20289
BONA,479000_7233000,2019,58726
TEAK,319000_4097000,2018,23368
OSBS,405000_3289000,2019,23240
OSBS,401000_3279000,2018,28422
WREF,582000_5075000,2018,29779
TEAK,321000_4095000,2018,28118
TEAK,320000_4095000,2019,22110
SOAP,296000_4105000,2019,28051
WREF,573000_5080000,2018,26216
OSBS,400000_3289000,2019,35548
OSBS,408000_3280000,2018,19429
OSBS,397000_3284000,2019,22083
WREF,576000_5073000,2018,25006
TEAK,314000_4106000,2018,12450
WREF,572000_5078000,2018,23401
DELA,420000_3605000,2019,46737
SOAP,303000_4108000,2019,16771
TEAK,320000_4102000,2018,8429
OSBS,403000_3282000,2018,13715
DELA,421000_3598000,2019,14445
OSBS,406000_3279000,2018,14492
BONA,481000_7226000,2018,32662
BART,313000_4883000,2019,28554
WREF,577000_5071000,2019,34644
TEAK,318000_4093000,2018,15909
DELA,423000_3598000,2019,26703
WREF,589000_5077000,2019,39490
OSBS,398000_3285000,2019,15897
WREF,578000_5081000,2019,28847
WREF,585000_5076000,2018,24434
TEAK,321000_4093000,2019,22906
BONA,481000_7232000,2019,91197
TEAK,318000_4100000,2018,16154
TEAK,319000_4099000,2019,16107
BART,318000_4877000,2018,41585
OSBS,408000_3279000,2019,30288
OSBS,405000_3283000,2019,30069
TEAK,319000_4093000,2019,15528
BONA,469000_7223000,2018,53489
WREF,591000_5074000,2019,38093
SOAP,294000_4102000,2018,17419
OSBS,406000_3283000,2019,35237
BONA,478000_7229000,2018,64795
DELA,421000_3603000,2019,38953
BART,315000_4879000,2018,32370
SOAP,301000_4097000,2019,12382
WREF,589000_5078000,2019,33440
SOAP,303000_4096000,2018,11292
TEAK,314000_4102000,2018,12195
BART,320000_4882000,2018,23665
BART,318000_4875000,2019,41410
BONA,469000_7227000,2019,80022
OSBS,402000_3279000,2019,1305
SOAP,305000_4106000,2019,3768
DELA,428000_3599000,2019,3705
WREF,581000_5076000,2018,20555
OSBS,406000_3291000,2018,25625
BONA,470000_7227000,2019,77234
TEAK,315000_4096000,2018,14687
BONA,475000_7232000,2018,59970
WREF,581000_5082000,2018,24086
WREF,578000_5075000,2018,27639
OSBS,410000_3282000,2019,37348
TEAK,318000_4098000,2018,14791
DELA,427000_3601000,2019,8375
TEAK,314000_4096000,2018,17087
TEAK,321000_4105000,2018,13646
BONA,480000_7233000,2019,27020
TEAK,315000_4092000,2018,10880
TEAK,316000_4097000,2019,22877
TEAK,318000_4095000,2018,12786
BONA,469000_7225000,2018,58459
OSBS,401000_3288000,2019,24785
BART,322000_4879000,2018,53660
OSBS,400000_3288000,2019,45413
WREF,582000_5081000,2019,33774
BONA,477000_7233000,2019,68160
WREF,574000_5072000,2018,23509
OSBS,401000_3284000,2018,17954
WREF,578000_5072000,2018,29839
WREF,575000_5076000,2019,30097
BONA,472000_7222000,2018,57498
WREF,581000_5077000,2018,18696
BONA,477000_7229000,2018,53995
BART,315000_4874000,2019,34570
WREF,586000_5076000,2018,19487
WREF,589000_5074000,2019,32135
SOAP,294000_4104000,2019,16178
SOAP,296000_4099000,2019,26428
WREF,581000_5071000,2019,33969
BONA,475000_7223000,2018,52713
BONA,483000_7228000,2019,29192
OSBS,402000_3276000,2019,13615
TEAK,323000_4100000,2019,33659
DELA,419000_3596000,2018,8142
SOAP,301000_4098000,2019,19246
WREF,575000_5072000,2018,23549
OSBS,407000_3289000,2018,19035
SOAP,300000_4103000,2019,24117
TEAK,321000_4105000,2019,13423
WREF,577000_5078000,2018,29365
TEAK,322000_4103000,2019,14127
BART,318000_4876000,2018,35183
TEAK,319000_4100000,2019,17396
OSBS,399000_3289000,2018,39612
WREF,580000_5073000,2019,29449
DELA,426000_3602000,2019,23180
DELA,422000_3603000,2019,51314
BART,320000_4875000,2019,33605
OSBS,397000_3286000,2018,29968
TEAK,317000_4095000,2019,15647
WREF,578000_5072000,2019,36518
TEAK,319000_4094000,2018,13415
OSBS,405000_3286000,2018,393
BONA,469000_7231000,2018,24572
BONA,475000_7225000,2019,22101
SOAP,294000_4103000,2019,19613
WREF,589000_5075000,2018,22943
WREF,575000_5075000,2019,30997
SOAP,299000_4107000,2019,20743
BONA,473000_7228000,2019,29691
BONA,473000_7229000,2019,70240
WREF,581000_5074000,2018,14080
DELA,420000_3598000,2019,25282
SOAP,298000_4102000,2018,13331
SOAP,299000_4098000,2018,9791
OSBS,404000_3287000,2018,28113
SOAP,303000_4101000,2018,20666
WREF,577000_5079000,2018,23773
TEAK,322000_4106000,2019,14799
WREF,581000_5081000,2019,36752
BONA,483000_7234000,2018,7713
BONA,472000_7225000,2019,26681
BONA,470000_7234000,2019,1845
BONA,472000_7228000,2018,82249
BONA,481000_7230000,2018,19319
TEAK,323000_4102000,2018,16813
BONA,473000_7223000,2018,58277
OSBS,396000_3283000,2019,4969
TEAK,323000_4102000,2019,18577
TEAK,321000_4106000,2018,8785
TEAK,319000_4099000,2018,12525
SOAP,303000_4096000,2019,29515
TEAK,318000_4105000,2018,12403
SOAP,304000_4102000,2019,22568
SOAP,303000_4098000,2018,19065
SOAP,300000_4105000,2018,17048
TEAK,316000_4092000,2019,16243
BONA,474000_7222000,2019,34038
BONA,478000_7228000,2019,43293
OSBS,409000_3289000,2019,16903
BART,314000_4880000,2019,45599
TEAK,323000_4093000,2018,8863
SOAP,293000_4096000,2018,23265
BONA,470000_7225000,2018,37637
WREF,593000_5078000,2019,44759
BART,322000_4880000,2018,48953
BONA,478000_7223000,2019,25949
TEAK,318000_4106000,2018,13896
OSBS,405000_3276000,2019,29464
OSBS,396000_3281000,2018,12312
WREF,579000_5082000,2018,24230
SOAP,294000_4099000,2018,18143
OSBS,400000_3281000,2018,22621
BONA,482000_7229000,2018,4179
BONA,476000_7223000,2018,43314
BONA,483000_7231000,2019,3916
WREF,578000_5077000,2018,27539
SOAP,297000_4099000,2018,11387
BONA,481000_7231000,2019,35748
TEAK,320000_4104000,2019,14622
BONA,483000_7229000,2018,1456
BART,314000_4875000,2019,34611
OSBS,400000_3283000,2019,33201
BONA,475000_7228000,2018,45095
TEAK,319000_4107000,2018,2896
SOAP,296000_4100000,2019,17921
OSBS,409000_3283000,2018,26952
OSBS,397000_3283000,2019,17502
BART,321000_4881000,2018,48677
BONA,469000_7228000,2018,52962
OSBS,400000_3285000,2019,31593
BONA,473000_7232000,2019,40130
SOAP,303000_4100000,2018,15921
SOAP,297000_4099000,2019,19739
OSBS,408000_3283000,2018,22407
SOAP,303000_4107000,2019,15215
WREF,588000_5075000,2019,41379
TEAK,321000_4096000,2019,29544
OSBS,401000_3275000,2019,19847
BONA,477000_7230000,2019,35147
OSBS,400000_3289000,2018,26864
TEAK,317000_4106000,2018,8236
BONA,480000_7232000,2018,59090
OSBS,402000_3281000,2018,16927
DELA,423000_3601000,2019,22352
OSBS,407000_3291000,2018,27117
BONA,472000_7231000,2018,68104
TEAK,319000_4094000,2019,17655
BONA,479000_7227000,2018,4154
SOAP,305000_4107000,2019,8635
BART,320000_4877000,2018,34735
WREF,574000_5079000,2018,31956
WREF,583000_5072000,2019,14350
WREF,572000_5079000,2018,17362
OSBS,399000_3283000,2019,16434
SOAP,297000_4104000,2018,19952
TEAK,316000_4091000,2018,11340
BART,320000_4881000,2019,37044
WREF,573000_5077000,2018,31279
TEAK,315000_4098000,2019,23704
OSBS,406000_3290000,2018,19022
TEAK,316000_4105000,2019,14870
OSBS,398000_3286000,2019,28973
BONA,476000_7227000,2018,33467
BONA,469000_7232000,2018,63047
OSBS,402000_3282000,2018,21942
OSBS,401000_3277000,2019,17569
BONA,477000_7228000,2018,44080
WREF,576000_5079000,2018,32365
BONA,473000_7230000,2019,40109
WREF,590000_5078000,2018,26944
TEAK,323000_4095000,2018,7551
TEAK,324000_4102000,2018,7599
TEAK,317000_4099000,2019,23998
SOAP,298000_4097000,2018,10476
TEAK,319000_4104000,2019,12126
BART,317000_4875000,2019,39043
TEAK,318000_4107000,2019,3196
TEAK,313000_4092000,2019,23215
SOAP,296000_4104000,2018,18258
BONA,473000_7230000,2018,36223
TEAK,314000_4092000,2018,14853
BONA,472000_7224000,2018,63559
BART,314000_4879000,2018,38631
DELA,425000_3603000,2019,30272
OSBS,397000_3285000,2019,38356
TEAK,321000_4099000,2019,19590
SOAP,300000_4100000,2018,14793
OSBS,404000_3282000,2019,33684
BONA,477000_7234000,2019,39011
BART,314000_4878000,2019,54340
TEAK,315000_4095000,2018,11819
TEAK,316000_4100000,2019,16980
WREF,583000_5075000,2018,20560
OSBS,401000_3286000,2019,23931
TEAK,315000_4102000,2018,9102
WREF,575000_5074000,2018,28222
SOAP,300000_4104000,2018,16423
OSBS,406000_3289000,2019,13944
TEAK,321000_4092000,2018,20144
WREF,574000_5075000,2019,32305
WREF,576000_5075000,2019,30319
DELA,420000_3600000,2019,30789
WREF,580000_5079000,2019,30562
BONA,476000_7225000,2018,21145
BONA,482000_7227000,2019,14201
WREF,577000_5075000,2019,31811
WREF,571000_5075000,2018,18700
OSBS,405000_3282000,2018,20062
SOAP,295000_4105000,2018,14635
SOAP,297000_4103000,2018,13262
WREF,582000_5082000,2019,33422
BONA,469000_7230000,2018,42701
TEAK,322000_4096000,2019,21816
OSBS,404000_3286000,2019,24185
WREF,580000_5081000,2019,28279
BART,322000_4879000,2019,69191
BONA,482000_7230000,2019,11234
BONA,477000_7233000,2018,70999
BONA,480000_7228000,2018,34454
TEAK,317000_4093000,2018,13604
OSBS,400000_3277000,2019,26149
BONA,471000_7231000,2019,44721
TEAK,314000_4103000,2018,17317
TEAK,323000_4101000,2018,19218
BONA,474000_7233000,2018,35917
BART,320000_4878000,2018,43096
WREF,574000_5074000,2019,37229
BONA,472000_7222000,2019,58264
BART,317000_4880000,2018,33015
TEAK,319000_4093000,2018,11355
TEAK,324000_4103000,2018,6353
TEAK,315000_4095000,2019,15642
TEAK,314000_4097000,2019,22912
BONA,470000_7231000,2019,37449
TEAK,323000_4106000,2019,19055
BONA,473000_7233000,2018,34137
SOAP,302000_4096000,2018,15639
OSBS,404000_3276000,2019,33301
BONA,477000_7222000,2019,9699
TEAK,315000_4100000,2018,13399
TEAK,322000_4098000,2018,17433
BONA,483000_7230000,2018,6886
BONA,482000_7226000,2019,50469
SOAP,295000_4102000,2019,25121
TEAK,322000_4098000,2019,22614
OSBS,403000_3287000,2018,21973
OSBS,406000_3287000,2019,40813
TEAK,322000_4104000,2018,18696
BART,318000_4880000,2018,37129
TEAK,316000_4099000,2018,12976
DELA,425000_3598000,2019,12804
SOAP,304000_4101000,2019,26810
OSBS,409000_3282000,2019,39357
DELA,425000_3597000,2019,30764
TEAK,321000_4099000,2018,15219
TEAK,318000_4094000,2019,18848
SOAP,299000_4104000,2019,23656
BART,316000_4877000,2019,54720
BART,315000_4878000,2019,53336
WREF,591000_5077000,2018,19880
SOAP,297000_4100000,2019,15881
OSBS,396000_3284000,2019,29006
OSBS,404000_3285000,2019,28429
BART,322000_4874000,2019,36106
OSBS,403000_3277000,2019,21968
OSBS,403000_3283000,2019,19516
TEAK,323000_4104000,2019,17379
BONA,483000_7231000,2018,4241
WREF,579000_5075000,2018,18153
TEAK,317000_4094000,2019,18186
OSBS,397000_3283000,2018,10268
OSBS,402000_3289000,2019,8955
BART,321000_4875000,2018,33948
BONA,474000_7232000,2019,39116
TEAK,321000_4102000,2018,10956
DELA,425000_3601000,2019,30115
TEAK,318000_4105000,2019,9571
OSBS,399000_3277000,2018,16669
BART,318000_4874000,2018,42723
SOAP,301000_4102000,2018,18210
TEAK,320000_4101000,2019,16445
SOAP,294000_4100000,2018,15129
BONA,471000_7224000,2018,76307
SOAP,294000_4105000,2019,15305
BART,321000_4879000,2019,52556
OSBS,399000_3282000,2019,24876
SOAP,299000_4099000,2019,23374
BONA,473000_7232000,2018,43300
DELA,422000_3601000,2019,21715
WREF,592000_5077000,2019,40146
TEAK,318000_4098000,2019,19935
BONA,477000_7225000,2018,11756
WREF,589000_5077000,2018,20427
OSBS,405000_3283000,2018,23040
BONA,470000_7227000,2018,62705
OSBS,406000_3279000,2019,27021
OSBS,405000_3291000,2019,22233
OSBS,401000_3283000,2018,23956
BART,317000_4880000,2019,38249
BONA,481000_7222000,2018,1486
WREF,575000_5077000,2019,37740
TEAK,323000_4096000,2018,11235
BONA,482000_7231000,2018,2601
BONA,475000_7226000,2019,35567
WREF,577000_5082000,2019,27467
OSBS,404000_3288000,2019,26284
BART,314000_4877000,2019,44140
BART,316000_4874000,2018,34485
OSBS,405000_3292000,2019,26060
OSBS,406000_3290000,2019,25861
TEAK,323000_4094000,2018,5695
TEAK,323000_4105000,2019,22145
BONA,477000_7226000,2019,22746
SOAP,305000_4103000,2019,23783
SOAP,297000_4096000,2018,7759
TEAK,317000_4096000,2018,18849
SOAP,301000_4101000,2019,21705
OSBS,402000_3278000,2018,11671
OSBS,402000_3286000,2018,29225
SOAP,299000_4105000,2018,14481
TEAK,319000_4107000,2019,2384
BONA,470000_7223000,2018,22077
OSBS,407000_3284000,2019,21206
BONA,474000_7227000,2019,30737
TEAK,315000_4102000,2019,11297
DELA,419000_3601000,2019,21987
TEAK,322000_4092000,2018,16549
BONA,475000_7226000,2018,37087
DELA,429000_3606000,2019,36807
WREF,582000_5072000,2019,21134
OSBS,399000_3287000,2018,32229
OSBS,401000_3287000,2019,23455
WREF,587000_5075000,2018,21002
DELA,427000_3605000,2019,22721
BONA,473000_7223000,2019,62639
BONA,480000_7231000,2018,58450
SOAP,299000_4100000,2019,18438
WREF,576000_5082000,2019,21594
TEAK,314000_4107000,2018,9469
DELA,423000_3605000,2019,38623
BONA,482000_7231000,2019,3883
SOAP,297000_4104000,2019,29115
TEAK,317000_4098000,2018,12814
BONA,476000_7222000,2019,25706
WREF,582000_5075000,2019,34464
WREF,576000_5080000,2019,28033
OSBS,395000_3284000,2018,13251
BONA,472000_7232000,2019,91912
DELA,419000_3598000,2019,22686
WREF,579000_5081000,2018,21132
SOAP,297000_4108000,2019,15531
BONA,469000_7229000,2019,77032
WREF,579000_5076000,2018,25292
TEAK,321000_4098000,2019,23837
SOAP,296000_4096000,2019,27483
DELA,421000_3604000,2019,37330
TEAK,322000_4096000,2018,17332
TEAK,317000_4096000,2019,26094
WREF,592000_5076000,2019,42327
BART,317000_4881000,2019,36691
OSBS,402000_3279000,2018,1261
WREF,576000_5078000,2019,30567
BONA,479000_7232000,2019,66219
DELA,427000_3604000,2019,19613
BONA,472000_7229000,2019,73404
TEAK,317000_4104000,2019,12160
OSBS,400000_3279000,2018,22494
OSBS,404000_3279000,2018,17750
BART,314000_4877000,2018,37993
TEAK,323000_4097000,2018,11637
BONA,480000_7225000,2018,42371
SOAP,294000_4101000,2018,22622
BONA,470000_7233000,2019,61491
BONA,480000_7229000,2019,10612
SOAP,302000_4100000,2018,15155
BONA,472000_7234000,2018,24995
TEAK,317000_4101000,2019,14787
SOAP,301000_4106000,2019,24624
BONA,477000_7226000,2018,22563
OSBS,398000_3284000,2018,24965
DELA,421000_3600000,2019,38433
WREF,578000_5074000,2018,29542
TEAK,321000_4107000,2019,11161
SOAP,295000_4105000,2019,19191
BART,317000_4878000,2018,35177
OSBS,407000_3289000,2019,26644
SOAP,305000_4101000,2019,22048
DELA,419000_3599000,2019,25663
OSBS,408000_3282000,2019,32608
SOAP,301000_4099000,2019,22042
OSBS,404000_3287000,2019,36390
BONA,481000_7228000,2018,10941
OSBS,405000_3290000,2018,19511
BART,319000_4880000,2018,39727
BONA,476000_7223000,2019,40912
TEAK,323000_4093000,2019,10462
BONA,474000_7229000,2019,54147
BONA,478000_7233000,2018,76366
WREF,583000_5075000,2019,26061
OSBS,395000_3286000,2018,39143
OSBS,410000_3280000,2019,36279
BART,320000_4880000,2018,40290
TEAK,322000_4106000,2018,14817
DELA,424000_3603000,2019,27972
BONA,475000_7231000,2018,60805
WREF,575000_5071000,2019,30922
TEAK,320000_4096000,2018,30500
BART,316000_4879000,2019,36698
TEAK,318000_4101000,2019,17342
OSBS,399000_3286000,2018,20287
WREF,578000_5082000,2019,26223
SOAP,299000_4097000,2019,37721
WREF,578000_5079000,2018,23044
WREF,592000_5078000,2019,42480
WREF,581000_5070000,2019,29057
SOAP,293000_4098000,2018,17715
BART,315000_4880000,2019,39520
BART,314000_4874000,2018,33076
BART,315000_4877000,2019,67959
SOAP,298000_4096000,2019,26301
OSBS,408000_3285000,2018,23403
WREF,580000_5074000,2018,16555
BONA,471000_7223000,2018,24818
DELA,421000_3601000,2019,27037
TEAK,315000_4106000,2018,13728
SOAP,298000_4104000,2018,22942
WREF,576000_5075000,2018,24042
BONA,479000_7230000,2018,49825
SOAP,304000_4103000,2019,26013
DELA,426000_3603000,2019,17694
OSBS,402000_3286000,2019,30325
BONA,478000_7222000,2018,3076
OSBS,407000_3286000,2019,33210
OSBS,396000_3287000,2019,19841
BONA,479000_7229000,2019,23050
WREF,573000_5072000,2018,22510
TEAK,315000_4107000,2019,8264
